{"dimensions":{"width":595.3,"height":841.9},"ocr_results":[{"text":"发一个布告。","box":[[90,93.40899999999999],[185.98760000000001,93.40899999999999],[185.98760000000001,109.359],[90,109.359]]}]}