{"dimensions":{"width":595.32,"height":841.92},"ocr_results":[{"text":"141","box":[[293.45,780.12],[307.07,780.12],[307.07,789.12],[293.45,789.12]]},{"text":"消息。","box":[[90.024,87.13999999999999],[135.024,87.13999999999999],[135.024,102.13999999999999],[90.024,102.13999999999999]]}]}