{"dimensions":{"width":595.32,"height":841.92},"ocr_results":[{"text":"135","box":[[290.93,780.12],[304.55,780.12],[304.55,789.12],[290.93,789.12]]},{"text":"遇罗克姐弟","box":[[260.21,249.04999999999995],[335.21,249.04999999999995],[335.21,264.04999999999995],[260.21,264.04999999999995]]}]}