{"dimensions":{"width":595.32,"height":841.92},"ocr_results":[{"text":"459","box":[[290.93,780.12],[304.55,780.12],[304.55,789.12],[290.93,789.12]]},{"text":"为首的反革命分子，待进一步暴露后，再相继逮捕法办。”","box":[[90.024,93.01999999999998],[480.024,93.01999999999998],[480.024,108.01999999999998],[90.024,108.01999999999998]]}]}