{"dimensions":{"width":595.32,"height":841.92},"ocr_results":[{"text":"475","box":[[290.93,780.096],[304.55,780.096],[304.55,789.096],[290.93,789.096]]},{"text":"军委、中央文革小组发出重申停止全国大串连决定的通知。","box":[[90.024,87.13999999999999],[480.024,87.13999999999999],[480.024,102.13999999999999],[90.024,102.13999999999999]]}]}