{"dimensions":{"width":595.32,"height":841.92},"ocr_results":[{"text":"440","box":[[290.93,780.096],[304.55,780.096],[304.55,789.096],[290.93,789.096]]},{"text":"起满场怒不可遏的仇恨旋风。","box":[[90.024,87.13999999999999],[285.024,87.13999999999999],[285.024,102.13999999999999],[90.024,102.13999999999999]]}]}