{"dimensions":{"width":595.32,"height":841.92},"ocr_results":[{"text":"269","box":[[290.93,780.12],[304.55,780.12],[304.55,789.12],[290.93,789.12]]},{"text":"在气势上似乎又略胜一筹了。","box":[[90.024,87.13999999999999],[285.024,87.13999999999999],[285.024,102.13999999999999],[90.024,102.13999999999999]]}]}