{"dimensions":{"width":595.32,"height":841.92},"ocr_results":[{"text":"404","box":[[290.93,780.12],[304.55,780.12],[304.55,789.12],[290.93,789.12]]},{"text":"义要求兰州军区派一个团进驻该市，未获批准。","box":[[90.024,87.13999999999999],[405.024,87.13999999999999],[405.024,102.13999999999999],[90.024,102.13999999999999]]}]}