{"dimensions":{"width":595.2,"height":842},"ocr_results":[{"text":"171","box":[[291,780.375],[304.40000000000003,780.375],[304.40000000000003,789.575],[291,789.575]]},{"text":"周恩来指着黄振东说：“你继续讲。”","box":[[120.07,87.25],[375.7036,87.25],[375.7036,102.45],[120.07,102.45]]}]}