{"dimensions":{"width":595.2,"height":842},"ocr_results":[{"text":"82","box":[[293,780.375],[302,780.375],[302,789.575],[293,789.575]]},{"text":"自左至右：周恩来、谢富治、宋远利","box":[[192.52,765.575],[432.95360000000005,765.575],[432.95360000000005,780.7750000000001],[192.52,780.7750000000001]]}]}