{"dimensions":{"width":595.2,"height":842},"ocr_results":[{"text":"219","box":[[291,780.375],[304.40000000000003,780.375],[304.40000000000003,789.575],[291,789.575]]},{"text":"江以东农村地区。","box":[[90.05,87.25],[210.46440000000004,87.25],[210.46440000000004,102.45],[90.05,102.45]]}]}