{"dimensions":{"width":595.2,"height":842},"ocr_results":[{"text":"295","box":[[291,780.375],[304.40000000000003,780.375],[304.40000000000003,789.575],[291,789.575]]},{"text":"手持长矛，为武斗死亡者送葬的武装人员","box":[[162.5,573.47],[432.9384,573.47],[432.9384,588.6700000000001],[162.5,588.6700000000001]]}]}