{"dimensions":{"width":595.2,"height":842},"ocr_results":[{"text":"352","box":[[291,780.375],[304.40000000000003,780.375],[304.40000000000003,789.575],[291,789.575]]},{"text":"在重庆武斗中的红卫兵","box":[[222.55,332.95],[372.96920000000006,332.95],[372.96920000000006,348.15],[222.55,348.15]]}]}