{"dimensions":{"width":595.2,"height":842},"ocr_results":[{"text":"24","box":[[293,780.375],[302,780.375],[302,789.575],[293,789.575]]},{"text":"命路线的大方向。”","box":[[90.05,93.25],[225.66440000000006,93.25],[225.66440000000006,108.45],[90.05,108.45]]}]}