{"dimensions":{"width":595.2,"height":842},"ocr_results":[{"text":"150","box":[[291,780.375],[304.40000000000003,780.375],[304.40000000000003,789.575],[291,789.575]]}]}