{"dimensions":{"width":595.2,"height":842},"ocr_results":[{"text":"453","box":[[291,780.375],[304.40000000000003,780.375],[304.40000000000003,789.575],[291,789.575]]},{"text":"日","box":[[90.05,93.25],[105.25,93.25],[105.25,108.45],[90.05,108.45]]}]}