{"dimensions":{"width":595.2,"height":842},"ocr_results":[{"text":"239","box":[[291,780.375],[304.40000000000003,780.375],[304.40000000000003,789.575],[291,789.575]]},{"text":"长。","box":[[90.05,93.25],[120.44999999999999,93.25],[120.44999999999999,108.45],[90.05,108.45]]}]}