{"dimensions":{"width":595.2,"height":842},"ocr_results":[{"text":"539","box":[[291,780.375],[304.40000000000003,780.375],[304.40000000000003,789.575],[291,789.575]]},{"text":"楼七楼跳下，当场身亡。","box":[[90.05,93.25],[255.66920000000005,93.25],[255.66920000000005,108.45],[90.05,108.45]]}]}