{"dimensions":{"width":595.2,"height":842},"ocr_results":[{"text":"158","box":[[291,780.375],[304.40000000000003,780.375],[304.40000000000003,789.575],[291,789.575]]},{"text":"勉强咽下。现在他们充分体会到“困兽犹斗”一词的滋味了。","box":[[90.05,93.25],[495.70759999999996,93.25],[495.70759999999996,108.45],[90.05,108.45]]}]}