{"dimensions":{"width":595.2,"height":842},"ocr_results":[{"text":"390","box":[[291,780.375],[304.40000000000003,780.375],[304.40000000000003,789.575],[291,789.575]]},{"text":"武斗之后的南宁朝阳百货大楼","box":[[200.13,311.75],[395.754,311.75],[395.754,326.95],[200.13,326.95]]}]}