{"dimensions":{"width":595.2,"height":842},"ocr_results":[{"text":"564","box":[[291,780.375],[304.40000000000003,780.375],[304.40000000000003,789.575],[291,789.575]]},{"text":"们且听《文革史话》第四部“欲罢不能”继续分解。","box":[[90.05,93.25],[435.698,93.25],[435.698,108.45],[90.05,108.45]]}]}