{"dimensions":{"width":595.3,"height":841.9},"ocr_results":[{"text":"群众。决不允许用任何借口，任何方式，打击革命积极分子，","box":[[90,93.40899999999999],[513.2300000000001,93.40899999999999],[513.2300000000001,109.359],[90,109.359]]},{"text":"挑动群众斗群众。","box":[[90,124.60900000000004],[217.90640000000002,124.60900000000004],[217.90640000000002,140.55900000000003],[90,140.55900000000003]]}]}