{"dimensions":{"width":595.3,"height":841.9},"ocr_results":[{"text":"牛鬼吓断魂。","box":[[117.959,92.68999999999994],[201.96765,92.68999999999994],[201.96765,106.73999999999994],[117.959,106.73999999999994]]}]}