{"dimensions":{"width":595.3,"height":841.9},"ocr_results":[{"text":"错误的认错，跟不上毛泽东思想的，继续紧跟。","box":[[90,93.40899999999999],[425.9900000000002,93.40899999999999],[425.9900000000002,109.359],[90,109.359]]},{"text":"”","box":[[417.959,93.40899999999999],[433.909,93.40899999999999],[433.909,109.359],[417.959,109.359]]}]}