{"dimensions":{"width":595.3,"height":841.9},"ocr_results":[{"text":"张春桥出来对韩哲一、李干成、杨恺说：“我不去衡山","box":[[122.04,93.40899999999999],[505.18790000000035,93.40899999999999],[505.18790000000035,109.359],[122.04,109.359]]},{"text":"宾馆了，咱们在这里碰碰情况吧。”","box":[[90,124.60900000000004],[345.95000000000016,124.60900000000004],[345.95000000000016,140.55900000000003],[90,140.55900000000003]]}]}