{"dimensions":{"width":612,"height":792},"ocr_results":[{"text":"联军”不批判李雪峰为代表的反动路线，而千方百计想把聂元梓为首的","box":[[90,86.09000000000003],[522.0059999999996,86.09000000000003],[522.0059999999996,100.14000000000003],[90,100.14000000000003]]},{"text":"校文革打成执行资产阶级反动路线的行为。","box":[[90,122.45000000000005],[356.0454999999999,122.45000000000005],[356.0454999999999,136.50000000000006],[90,136.50000000000006]]}]}