{"dimensions":{"width":595.3,"height":841.9},"ocr_results":[{"text":"内容提要：革命造反有理歌舞演出大会胜利举行把资产阶","box":[[93.6,296.20899999999995],[501.5885000000002,296.20899999999995],[501.5885000000002,312.15899999999993],[93.6,312.15899999999993]]},{"text":"级霸占的舞台统统夺过来","box":[[209.64,327.409],[385.5449000000002,327.409],[385.5449000000002,343.359],[209.64,343.359]]}]}