{"dimensions":{"width":595.3,"height":841.9},"ocr_results":[{"text":"狱’的英雄，到处做报告，编造事实，哗众取宠，渲染自己......”","box":[[90,92.68999999999994],[496.08869999999956,92.68999999999994],[496.08869999999956,106.73999999999994],[90,106.73999999999994]]},{"text":"这次会后，重庆市有了“罗书记、杨市长”的流言。","box":[[117.959,123.88999999999999],[440.0492499999998,123.88999999999999],[440.0492499999998,137.94],[117.959,137.94]]}]}