{"dimensions":{"width":595.3,"height":841.9},"ocr_results":[{"text":"王承龙说：“车子、房子，为什么不能用？只要造反需","box":[[122.04,93.40899999999999],[505.3046000000004,93.40899999999999],[505.3046000000004,109.359],[122.04,109.359]]},{"text":"要，都可以拿来为我所用！”","box":[[90,124.60900000000004],[297.9500000000001,124.60900000000004],[297.9500000000001,140.55900000000003],[90,140.55900000000003]]}]}