{"dimensions":{"width":595.3,"height":841.9},"ocr_results":[{"text":"蒯大富反刘少奇，实际是反党！","box":[[90,92.68999999999994],[286.0899999999999,92.68999999999994],[286.0899999999999,106.73999999999994],[90,106.73999999999994]]},{"text":"”","box":[[279,92.68999999999994],[293.05,92.68999999999994],[293.05,106.73999999999994],[279,106.73999999999994]]}]}