{"dimensions":{"width":595.3,"height":841.9},"ocr_results":[{"text":"得同意。","box":[[90,92.68999999999994],[146.04925000000003,92.68999999999994],[146.04925000000003,106.73999999999994],[90,106.73999999999994]]},{"text":"8月22日，复旦大学“红卫兵大队部”成立。","box":[[117.959,123.88999999999999],[401.5299999999998,123.88999999999999],[401.5299999999998,137.94],[117.959,137.94]]}]}