{"dimensions":{"width":595.3,"height":841.9},"ocr_results":[{"text":"东思想红卫兵长沙造反有理军”","box":[[90,92.68999999999994],[286.0899999999999,92.68999999999994],[286.0899999999999,106.73999999999994],[90,106.73999999999994]]},{"text":"。","box":[[279,92.68999999999994],[293.05,92.68999999999994],[293.05,106.73999999999994],[279,106.73999999999994]]}]}