{"dimensions":{"width":595.3,"height":841.9},"ocr_results":[{"text":"淮说：“总理告诉我，今后由中南局第一书记、中央文革副组长王任","box":[[90,92.68999999999994],[505.3278999999996,92.68999999999994],[505.3278999999996,106.73999999999994],[90,106.73999999999994]]},{"text":"重指导清华的运动。”","box":[[90,123.88999999999999],[230.04999999999993,123.88999999999999],[230.04999999999993,137.94],[90,137.94]]}]}