{"dimensions":{"width":595.3,"height":841.9},"ocr_results":[{"text":"被砸得像雨点一样，撒落到马路上和电车上。","box":[[90,92.68999999999994],[370.08534999999983,92.68999999999994],[370.08534999999983,106.73999999999994],[90,106.73999999999994]]}]}