{"dimensions":{"width":595.3,"height":841.9},"ocr_results":[{"text":"第111回；","box":[[90,92.68999999999994],[160.08984999999996,92.68999999999994],[160.08984999999996,106.73999999999994],[90,106.73999999999994]]}]}