{"dimensions":{"width":595.3,"height":841.9},"ocr_results":[{"text":"有所控制，伤害无辜是不对的。”","box":[[90,93.40899999999999],[329.9900000000001,93.40899999999999],[329.9900000000001,109.359],[90,109.359]]}]}