{"dimensions":{"width":595.3,"height":841.9},"ocr_results":[{"text":"的大字报并未给他带来太多的麻烦，他仍有自由之身。","box":[[90,93.40899999999999],[473.97860000000026,93.40899999999999],[473.97860000000026,109.359],[90,109.359]]}]}