{"dimensions":{"width":595.3,"height":841.9},"ocr_results":[{"text":"1966年8月31日毛泽东、林彪在天安门广场检阅红卫兵","box":[[124.44,311.09000000000003],[470.88564999999966,311.09000000000003],[470.88564999999966,325.14000000000004],[124.44,325.14000000000004]]}]}