{"dimensions":{"width":595.3,"height":841.9},"ocr_results":[{"text":"会。","box":[[90,92.68999999999994],[118.09,92.68999999999994],[118.09,106.73999999999994],[90,106.73999999999994]]},{"text":"”","box":[[111,92.68999999999994],[125.05,92.68999999999994],[125.05,106.73999999999994],[111,106.73999999999994]]}]}