{"dimensions":{"width":595.3,"height":841.9},"ocr_results":[{"text":"讲完话，曹荻秋转身进入市委内。","box":[[120,93.04999999999995],[345,93.04999999999995],[345,108.04999999999995],[120,108.04999999999995]]}]}