{"dimensions":{"width":481.89,"height":680.315},"ocr_results":[{"text":"文革·反思","box":[[290.0315,240.94490000000008],[326.0315,240.94490000000008],[326.0315,422.3633000000001],[290.0315,422.3633000000001]]}]}