{"dimensions":{"width":481.89,"height":680.315},"ocr_results":[{"text":"【文革·反思】唐伟:从清华文革谈清华校训","box":[[209.4133,19.66070000000002],[423.0709000000003,19.66070000000002],[423.0709000000003,30.36070000000002],[209.4133,30.36070000000002]]},{"text":"文革回忆录","box":[[325.4646,233.85830000000004],[361.4646,233.85830000000004],[361.4646,415.27670000000006],[325.4646,415.27670000000006]]}]}