{"dimensions":{"width":481.89,"height":680.315},"ocr_results":[{"text":"实时·连载","box":[[282.9449,240.94490000000008],[318.9449,240.94490000000008],[318.9449,422.3633000000001],[282.9449,422.3633000000001]]}]}